timestamp,cairo_time,signal,symbol,price,rsi,macd,macd_trend,sentiment,sma5,sma20,reason
2025-08-13T07:48:52.265391,2025-08-13 10:48:52 EEST,BUY,SOLUSDT,197.38,56.33117585,0.058823,BULLISH,neutral,197.102,196.401,"Strategy ADAPTIVE - Adaptive buy signal (Score: 70, Threshold: 70)"
2025-08-13T08:17:47.636360,2025-08-13 11:17:47 EEST,BUY,SOLUSDT,197.91,56.20691028,0.420447,BULLISH,neutral,198.41,197.0445,"Strategy ADAPTIVE - Adaptive buy signal (Score: 70, Threshold: 70)"
2025-08-13T08:19:03.225327,2025-08-13 11:19:03 EEST,BUY,SOLUSDT,198.03,57.5519359,0.43002,BULLISH,neutral,198.434,197.0505,"Strategy ADAPTIVE - Adaptive buy signal (Score: 70, Threshold: 70)"
2025-08-13T08:47:58.768397,2025-08-13 11:47:58 EEST,HOLD,BNBUSDT,848.15,58.53015089,2.076258,BEARISH,bullish,848.674,847.844,"Strategy ADAPTIVE - Neutral conditions (Score: 50, Threshold: ±70)"
2025-08-13T08:49:12.737124,2025-08-13 11:49:12 EEST,HOLD,BNBUSDT,848.78,60.7824538,2.126514,BEARISH,bullish,848.8,847.8755,"Strategy ADAPTIVE - Neutral conditions (Score: 30, Threshold: ±70)"
2025-08-13T09:18:05.296447,2025-08-13 12:18:05 EEST,HOLD,BNBUSDT,853.92,67.47536736,2.828705,BULLISH,neutral,853.334,849.02,"Strategy ADAPTIVE - Neutral conditions (Score: 50, Threshold: ±70)"
2025-08-13T09:19:19.532054,2025-08-13 12:19:19 EEST,HOLD,BNBUSDT,855.05,71.71306897,2.918848,BULLISH,neutral,853.56,849.0765,"Strategy ADAPTIVE - Neutral conditions (Score: 50, Threshold: ±70)"
2025-08-13T09:48:12.515801,2025-08-13 12:48:12 EEST,HOLD,BNBUSDT,852.89,55.16912143,2.634583,BEARISH,bullish,855.058,851.789,"Strategy ADAPTIVE - Neutral conditions (Score: 50, Threshold: ±70)"
2025-08-13T09:49:25.858179,2025-08-13 12:49:25 EEST,HOLD,BNBUSDT,852.7,54.78971554,2.619427,BEARISH,neutral,855.02,851.7795,"Strategy ADAPTIVE - Neutral conditions (Score: 40, Threshold: ±70)"
2025-08-13T10:18:19.124898,2025-08-13 13:18:19 EEST,HOLD,BNBUSDT,851.8,51.67116856,1.176929,BEARISH,bearish,851.648,853.011,"Strategy ADAPTIVE - Neutral conditions (Score: 20, Threshold: ±70)"
2025-08-13T10:19:35.009219,2025-08-13 13:19:35 EEST,HOLD,BNBUSDT,851.01,49.81102512,1.113909,BEARISH,bearish,851.49,852.9715,"Strategy ADAPTIVE - Neutral conditions (Score: 20, Threshold: ±70)"
2025-08-13T10:48:25.994313,2025-08-13 13:48:25 EEST,HOLD,BNBUSDT,855.28,58.37717474,1.218571,BEARISH,neutral,853.89,853.634,"Strategy ADAPTIVE - Neutral conditions (Score: 40, Threshold: ±70)"
2025-08-13T10:49:41.975039,2025-08-13 13:49:41 EEST,HOLD,ETHUSDT,4702.44,69.16142117,17.465377,BULLISH,bullish,4697.896,4676.692,"Strategy ADAPTIVE - Neutral conditions (Score: 60, Threshold: ±70)"
2025-08-13T11:03:33.788301,2025-08-13 14:03:33 EEST,HOLD,BNBUSDT,852.56,50.86196191,0.973939,BEARISH,neutral,854.418,853.3065,"Strategy ADAPTIVE - Neutral conditions (Score: 40, Threshold: ±70)"
2025-08-13T11:04:47.812558,2025-08-13 14:04:47 EEST,HOLD,BNBUSDT,853.5,53.41977736,1.048925,BEARISH,neutral,854.606,853.3535,"Strategy ADAPTIVE - Neutral conditions (Score: 40, Threshold: ±70)"
2025-08-13T11:18:40.748536,2025-08-13 14:18:40 EEST,HOLD,BNBUSDT,852.11,48.88914525,0.742539,BEARISH,bearish,853.354,852.73,"Strategy ADAPTIVE - Neutral conditions (Score: 30, Threshold: ±70)"
2025-08-13T11:19:54.535677,2025-08-13 14:19:54 EEST,HOLD,BNBUSDT,851.89,48.27237136,0.724989,BEARISH,neutral,853.31,852.719,"Strategy ADAPTIVE - Neutral conditions (Score: 40, Threshold: ±70)"
2025-08-13T12:09:26.767018,2025-08-13 15:09:26 EEST,BUY,BNBUSDT,854.3,53.37988455,0.750534,BULLISH,neutral,854.846,853.807,"Strategy ADAPTIVE - Adaptive buy signal (Score: 70, Threshold: 70)"
2025-08-13T12:09:37.652957,2025-08-13 15:09:37 EEST,BUY,BNBUSDT,853.88,52.08686606,0.71703,BULLISH,bullish,854.762,853.786,"Strategy ADAPTIVE - Adaptive buy signal (Score: 80, Threshold: 70)"
2025-08-13T13:40:09.652951,2025-08-13 16:40:09 EEST,HOLD,BNBUSDT,853.64,47.49850279,0.566948,BEARISH,neutral,855.744,854.364,Strategy MODERATE - Insufficient signals for trade
2025-08-13T13:54:01.338854,2025-08-13 16:54:01 EEST,HOLD,BNBUSDT,854.16,50.02672996,0.240297,BEARISH,bullish,854.066,854.31,"Strategy ADAPTIVE - Neutral conditions (Score: 40, Threshold: ±70)"
2025-08-13T13:59:11.468336,2025-08-13 16:59:11 EEST,HOLD,BNBUSDT,853.05,47.30050157,0.059291,BEARISH,neutral,853.012,854.2205,"Strategy ADAPTIVE - Neutral conditions (Score: 30, Threshold: ±70)"
2025-08-13T13:59:50.483902,2025-08-13 16:59:50 EEST,BUY,BNBUSDT,852.92,46.90112062,-0.554833,BULLISH,bullish,852.238,852.4975,"Strategy ADAPTIVE - Adaptive buy signal (Score: 70, Threshold: 70)"
2025-08-13T14:00:33.649819,2025-08-13 17:00:33 EEST,BUY,BNBUSDT,853.47,49.552957,-0.44855,BULLISH,neutral,852.744,852.6165,"Strategy ADAPTIVE - Adaptive buy signal (Score: 70, Threshold: 70)"
2025-08-13T14:00:34.848051,2025-08-13 17:00:34 EEST,HOLD,SOLUSDT,202.57,49.57843334,-0.096065,BEARISH,neutral,202.258,202.3705,"Strategy ADAPTIVE - Neutral conditions (Score: 30, Threshold: ±70)"
2025-08-13T14:01:13.847224,2025-08-13 17:01:13 EEST,HOLD,ADAUSDT,0.8789,46.11120792,-0.000813,BEARISH,bullish,0.87934,0.87964,"Strategy ADAPTIVE - Neutral conditions (Score: 40, Threshold: ±70)"
2025-08-13T14:01:15.562650,2025-08-13 17:01:15 EEST,HOLD,BTCUSDT,121890,66.71152631,354.079674,BULLISH,bullish,121856.238,121260.605,"Strategy ADAPTIVE - Neutral conditions (Score: 60, Threshold: ±70)"
2025-08-13T14:01:54.498803,2025-08-13 17:01:54 EEST,HOLD,ADAUSDT,0.879,46.31404789,-0.000805,BEARISH,bullish,0.87936,0.879645,"Strategy ADAPTIVE - Neutral conditions (Score: 40, Threshold: ±70)"
2025-08-13T14:01:56.435190,2025-08-13 17:01:56 EEST,HOLD,BTCUSDT,121983.4,70.05563359,361.530386,BULLISH,bullish,121874.918,121265.275,"Strategy ADAPTIVE - Neutral conditions (Score: 60, Threshold: ±70)"
2025-08-13T14:02:36.108605,2025-08-13 17:02:36 EEST,HOLD,ADAUSDT,0.8792,47.06988468,-0.000824,BEARISH,bullish,0.87944,0.879945,"Strategy ADAPTIVE - Neutral conditions (Score: 40, Threshold: ±70)"
2025-08-13T14:02:38.153446,2025-08-13 17:02:38 EEST,HOLD,BTCUSDT,121930.39,67.93533611,351.671282,BULLISH,bullish,121856.31,121351.047,"Strategy ADAPTIVE - Neutral conditions (Score: 60, Threshold: ±70)"
2025-08-13T14:03:17.153070,2025-08-13 17:03:17 EEST,BUY,ADAUSDT,0.8803,49.63423067,-0.000673,BULLISH,bullish,0.8798,0.880325,"Strategy ADAPTIVE - Adaptive buy signal (Score: 70, Threshold: 70)"
2025-08-13T14:04:00.633504,2025-08-13 17:04:00 EEST,HOLD,ADAUSDT,0.8806,50.3141178,-0.000649,BULLISH,bearish,0.87986,0.88034,"Strategy ADAPTIVE - Neutral conditions (Score: 50, Threshold: ±70)"
2025-08-13T14:04:02.747947,2025-08-13 17:04:02 EEST,HOLD,BTCUSDT,122061.27,70.1503413,356.601652,BULLISH,bullish,122010.562,121533.085,"Strategy ADAPTIVE - Neutral conditions (Score: 60, Threshold: ±70)"
2025-08-13T14:04:41.905343,2025-08-13 17:04:41 EEST,BUY,ADAUSDT,0.8794,47.53835377,-0.000638,BULLISH,bullish,0.87966,0.88047,"Strategy ADAPTIVE - Adaptive buy signal (Score: 70, Threshold: 70)"
2025-08-13T14:04:43.250904,2025-08-13 17:04:43 EEST,HOLD,BTCUSDT,121988.49,67.2171849,350.79584,BULLISH,neutral,121996.006,121529.446,"Strategy ADAPTIVE - Neutral conditions (Score: 50, Threshold: ±70)"
2025-08-13T14:05:22.853708,2025-08-13 17:05:22 EEST,HOLD,ADAUSDT,0.8802,49.60846501,-0.00057,BULLISH,neutral,0.87958,0.880405,"Strategy ADAPTIVE - Neutral conditions (Score: 60, Threshold: ±70)"
2025-08-13T14:05:24.044977,2025-08-13 17:05:24 EEST,HOLD,BTCUSDT,121918.1,63.93262049,326.737893,BEARISH,neutral,121957.842,121597.704,"Strategy ADAPTIVE - Neutral conditions (Score: 20, Threshold: ±70)"
2025-08-13T14:06:03.194684,2025-08-13 17:06:03 EEST,BUY,ADAUSDT,0.8808,50.98223718,-0.000406,BULLISH,bullish,0.88018,0.88052,"Strategy ADAPTIVE - Adaptive buy signal (Score: 70, Threshold: 70)"
2025-08-13T14:10:16.043319,2025-08-13 17:10:16 EEST,SELL,ADAUSDT,0.88,49.47608013,0.000486,BEARISH,bullish,0.8802,0.881305,Strategy MODERATE - Moderate sell signal (3 confirmations)
2025-08-13T14:25:26.469507,2025-08-13 17:25:26 EEST,SELL,ADAUSDT,0.8746,43.71174639,-0.001145,BEARISH,neutral,0.87536,0.8799,Strategy MODERATE - Moderate sell signal (3 confirmations)
2025-08-13T14:40:40.049830,2025-08-13 17:40:40 EEST,SELL,ADAUSDT,0.8701,38.44734984,-0.002221,BEARISH,neutral,0.87196,0.878565,Strategy MODERATE - Moderate sell signal (3 confirmations)
2025-08-13T14:45:52.413205,2025-08-13 17:45:52 EEST,SELL,DOTUSDT,4.27,52.45939586,-0.002157,BEARISH,bullish,4.2564,4.2677,Strategy MODERATE - Moderate sell signal (3 confirmations)
2025-08-13T14:51:04.088863,2025-08-13 17:51:04 EEST,SELL,ADAUSDT,0.8709,41.63188344,-0.002235,BEARISH,bullish,0.87174,0.87782,Strategy MODERATE - Moderate sell signal (3 confirmations)
2025-08-13T14:56:15.760830,2025-08-13 17:56:15 EEST,SELL,ADAUSDT,0.8697,41.25717877,-0.002612,BEARISH,bullish,0.87076,0.877045,Strategy MODERATE - Moderate sell signal (3 confirmations)
2025-08-13T15:01:28.761628,2025-08-13 18:01:28 EEST,SELL,BTCUSDT,121094.65,48.36525011,113.444289,BEARISH,neutral,121153.98,121363.1735,Strategy MODERATE - Moderate sell signal (3 confirmations)
2025-08-13T15:06:40.722260,2025-08-13 18:06:40 EEST,SELL,BTCUSDT,121236.82,51.04067756,104.336265,BEARISH,bullish,121086.074,121396.482,Strategy MODERATE - Moderate sell signal (3 confirmations)
2025-08-13T15:11:49.990100,2025-08-13 18:11:49 EEST,HOLD,BTCUSDT,121039.86,47.91477065,52.493166,BEARISH,neutral,120969.258,121394.288,Strategy STRICT - Waiting for stronger signals
2025-08-13T15:26:56.623274,2025-08-13 18:26:56 EEST,HOLD,BTCUSDT,120621.09,42.1721666,-80.820576,BEARISH,neutral,120703.01,121384.051,Strategy STRICT - Waiting for stronger signals
2025-08-13T15:42:03.721455,2025-08-13 18:42:03 EEST,HOLD,BTCUSDT,121143.29,52.38571192,-51.82399,BEARISH,bullish,120827.76,121250.1315,Strategy STRICT - Waiting for stronger signals
2025-08-13T15:57:12.255600,2025-08-13 18:57:12 EEST,HOLD,BTCUSDT,121041.79,49.75185488,-6.81051,BEARISH,neutral,121159.536,121124.1775,Strategy STRICT - Waiting for stronger signals
2025-08-13T16:12:18.637631,2025-08-13 19:12:18 EEST,HOLD,BTCUSDT,121477.44,57.36023864,51.674113,BULLISH,bullish,121228.894,121069.2165,Strategy STRICT - Waiting for stronger signals
2025-08-13T16:27:24.341029,2025-08-13 19:27:24 EEST,HOLD,BTCUSDT,121577.48,58.36101079,125.514213,BULLISH,bullish,121540.08,121090.3995,Strategy STRICT - Waiting for stronger signals
2025-08-13T16:42:30.816373,2025-08-13 19:42:30 EEST,HOLD,BTCUSDT,121399,53.16221764,128.058531,BULLISH,bullish,121548.278,121169.2985,Strategy STRICT - Waiting for stronger signals
2025-08-13T16:57:38.054507,2025-08-13 19:57:38 EEST,HOLD,BTCUSDT,121415.46,53.16668553,103.71837,BULLISH,bullish,121431.344,121264.222,Strategy STRICT - Waiting for stronger signals
2025-08-13T17:12:44.640406,2025-08-13 20:12:44 EEST,HOLD,BTCUSDT,121681.45,59.15457219,127.806935,BULLISH,neutral,121560.828,121413.277,Strategy STRICT - Waiting for stronger signals
2025-08-13T17:27:50.938285,2025-08-13 20:27:50 EEST,HOLD,BTCUSDT,121786.58,60.24217586,149.498149,BULLISH,bullish,121715.084,121493.5635,Strategy STRICT - Waiting for stronger signals
2025-08-13T17:42:57.238825,2025-08-13 20:42:57 EEST,HOLD,BTCUSDT,121576.96,53.14289343,124.702434,BEARISH,bearish,121714.458,121575.1535,Strategy STRICT - Waiting for stronger signals
2025-08-13T17:58:03.272392,2025-08-13 20:58:03 EEST,HOLD,BTCUSDT,121870.8,60.75175382,126.309427,BULLISH,bullish,121673.294,121611.3035,Strategy STRICT - Waiting for stronger signals
2025-08-13T18:13:09.646689,2025-08-13 21:13:09 EEST,HOLD,ETHUSDT,4740.43,62.99053718,12.179954,BULLISH,bullish,4732.792,4716.262,Strategy STRICT - Waiting for stronger signals
2025-08-13T18:28:15.436531,2025-08-13 21:28:15 EEST,HOLD,BTCUSDT,121583.32,49.26286858,92.170195,BEARISH,bullish,121726.412,121683.3835,Strategy STRICT - Waiting for stronger signals
2025-08-13T18:43:22.142450,2025-08-13 21:43:22 EEST,HOLD,BTCUSDT,121520.01,47.14075676,61.708086,BEARISH,neutral,121667.406,121713.8215,Strategy STRICT - Waiting for stronger signals
2025-08-13T18:58:28.155330,2025-08-13 21:58:28 EEST,HOLD,BTCUSDT,121642.75,50.94599253,30.556667,BEARISH,bullish,121579.586,121702.556,Strategy STRICT - Waiting for stronger signals
2025-08-13T19:13:35.075480,2025-08-13 22:13:35 EEST,HOLD,BTCUSDT,121907.56,58.26279377,64.058815,BULLISH,bullish,121760.914,121709.052,Strategy STRICT - Waiting for stronger signals
2025-08-13T19:28:42.539581,2025-08-13 22:28:42 EEST,HOLD,BTCUSDT,122400,66.78814521,168.123705,BULLISH,bullish,122152.332,121821.738,Strategy STRICT - Waiting for stronger signals
2025-08-13T19:43:49.449348,2025-08-13 22:43:49 EEST,HOLD,BTCUSDT,122382.41,63.43852118,200.810434,BULLISH,bullish,122376,121895.087,Strategy STRICT - Waiting for stronger signals
2025-08-13T19:58:57.043040,2025-08-13 22:58:57 EEST,HOLD,BTCUSDT,122746.75,69.86528128,267.209058,BULLISH,neutral,122526.236,122029.021,Strategy STRICT - Waiting for stronger signals
2025-08-13T20:14:05.180274,2025-08-13 23:14:05 EEST,HOLD,BTCUSDT,122749.14,64.37130903,280.439735,BULLISH,bullish,122698.38,122172.1695,Strategy STRICT - Waiting for stronger signals
2025-08-13T20:29:10.996866,2025-08-13 23:29:10 EEST,HOLD,BTCUSDT,122618.01,59.61039594,253.924434,BULLISH,bearish,122709.14,122339.4565,Strategy STRICT - Waiting for stronger signals
2025-08-13T20:44:20.190398,2025-08-13 23:44:20 EEST,HOLD,BTCUSDT,122755.4,62.48123449,240.55209,BEARISH,bearish,122687.57,122500.432,Strategy STRICT - Waiting for stronger signals
2025-08-13T20:59:26.759918,2025-08-13 23:59:26 EEST,HOLD,BTCUSDT,122904.01,64.42730981,250.315262,BULLISH,bullish,122874.242,122650.5145,Strategy STRICT - Waiting for stronger signals
2025-08-13T21:14:34.798393,2025-08-14 00:14:34 EEST,HOLD,BTCUSDT,122711.69,56.1715821,198.540981,BEARISH,neutral,122825.746,122700.435,Strategy STRICT - Waiting for stronger signals
2025-08-13T21:29:42.057507,2025-08-14 00:29:42 EEST,HOLD,BTCUSDT,122702.01,54.17098667,160.237735,BEARISH,bullish,122772.3,122759.6695,Strategy STRICT - Waiting for stronger signals
2025-08-13T21:44:48.821337,2025-08-14 00:44:48 EEST,HOLD,BTCUSDT,122525.94,47.53783215,102.881735,BEARISH,neutral,122683.948,122761.1935,Strategy STRICT - Waiting for stronger signals
2025-08-13T21:59:55.807503,2025-08-14 00:59:55 EEST,HOLD,BTCUSDT,122530.66,48.43189646,40.588934,BEARISH,neutral,122519.53,122714.4635,Strategy STRICT - Waiting for stronger signals
2025-08-13T22:15:03.302088,2025-08-14 01:15:03 EEST,HOLD,BTCUSDT,122970.86,61.31739077,100.202976,BULLISH,bullish,122849.92,122766.288,Strategy STRICT - Waiting for stronger signals
2025-08-13T22:30:11.610816,2025-08-14 01:30:11 EEST,HOLD,BTCUSDT,122941.92,59.97475476,109.125307,BULLISH,bullish,122944.818,122769.941,Strategy STRICT - Waiting for stronger signals
2025-08-13T22:45:19.151626,2025-08-14 01:45:19 EEST,HOLD,BTCUSDT,123453.71,71.08078545,187.998648,BULLISH,neutral,123184.298,122849.074,Strategy STRICT - Waiting for stronger signals
2025-08-13T23:00:26.935700,2025-08-14 02:00:26 EEST,HOLD,ADAUSDT,0.9035,80.82653377,0.004912,BULLISH,bullish,0.90142,0.890345,Strategy STRICT - Waiting for stronger signals
2025-08-13T23:15:35.652434,2025-08-14 02:15:35 EEST,HOLD,ADAUSDT,0.9142,81.7456519,0.00792,BULLISH,bearish,0.91258,0.89519,Strategy STRICT - Waiting for stronger signals
2025-08-13T23:30:41.953252,2025-08-14 02:30:41 EEST,HOLD,ADAUSDT,0.9111,73.42346636,0.007643,BULLISH,bullish,0.91292,0.89943,Strategy STRICT - Waiting for stronger signals
2025-08-13T23:45:49.328186,2025-08-14 02:45:49 EEST,HOLD,ADAUSDT,0.9069,60.42977905,0.006411,BEARISH,bullish,0.91034,0.90294,Strategy STRICT - Waiting for stronger signals
2025-08-14T00:00:55.855242,2025-08-14 03:00:55 EEST,HOLD,ADAUSDT,0.9057,56.87206287,0.004629,BEARISH,bullish,0.90662,0.905795,Strategy STRICT - Waiting for stronger signals
2025-08-14T00:16:02.661238,2025-08-14 03:16:02 EEST,HOLD,ADAUSDT,0.93,77.57490493,0.008115,BULLISH,bearish,0.92162,0.912225,Strategy STRICT - Waiting for stronger signals
2025-08-14T00:31:09.148948,2025-08-14 03:31:09 EEST,HOLD,ADAUSDT,0.9266,71.6735766,0.008091,BULLISH,bearish,0.92662,0.915925,Strategy STRICT - Waiting for stronger signals
2025-08-14T00:46:17.386728,2025-08-14 03:46:17 EEST,HOLD,ADAUSDT,0.9249,64.42656668,0.007394,BEARISH,bullish,0.9256,0.918045,Strategy STRICT - Waiting for stronger signals
2025-08-14T01:01:23.394817,2025-08-14 04:01:23 EEST,HOLD,ADAUSDT,0.9331,65.23359478,0.008244,BULLISH,bullish,0.93112,0.92112,Strategy STRICT - Waiting for stronger signals
2025-08-14T01:16:33.624837,2025-08-14 04:16:33 EEST,HOLD,ADAUSDT,0.9232,54.34934402,0.005295,BEARISH,neutral,0.92568,0.92218,Strategy STRICT - Waiting for stronger signals
2025-08-14T01:31:40.666215,2025-08-14 04:31:40 EEST,HOLD,ADAUSDT,0.9329,61.73042745,0.005393,BEARISH,bullish,0.92734,0.925625,Strategy STRICT - Waiting for stronger signals
2025-08-14T01:46:47.858568,2025-08-14 04:46:47 EEST,HOLD,ADAUSDT,0.9509,70.09173461,0.009337,BULLISH,bullish,0.94564,0.931475,Strategy STRICT - Waiting for stronger signals
2025-08-14T02:01:54.319257,2025-08-14 05:01:54 EEST,HOLD,ADAUSDT,0.9515,65.97087973,0.01029,BULLISH,neutral,0.95276,0.935525,Strategy STRICT - Waiting for stronger signals
2025-08-14T02:17:02.151403,2025-08-14 05:17:02 EEST,HOLD,ADAUSDT,0.9558,67.53382382,0.010513,BULLISH,bullish,0.95508,0.94028,Strategy STRICT - Waiting for stronger signals
2025-08-14T02:32:09.047367,2025-08-14 05:32:09 EEST,HOLD,ADAUSDT,0.9569,66.70233115,0.009384,BEARISH,neutral,0.95424,0.94408,Strategy STRICT - Waiting for stronger signals
2025-08-14T02:47:16.646403,2025-08-14 05:47:16 EEST,HOLD,ADAUSDT,0.9697,72.09613961,0.011134,BULLISH,bullish,0.96466,0.95053,Strategy STRICT - Waiting for stronger signals
2025-08-14T03:02:22.444615,2025-08-14 06:02:22 EEST,HOLD,ADAUSDT,0.976,73.97719678,0.012255,BULLISH,bullish,0.9745,0.95831,Strategy STRICT - Waiting for stronger signals
2025-08-14T03:17:28.750688,2025-08-14 06:17:28 EEST,HOLD,ADAUSDT,0.9815,75.49026705,0.012216,BULLISH,neutral,0.97814,0.963865,Strategy STRICT - Waiting for stronger signals
2025-08-14T03:32:34.445654,2025-08-14 06:32:34 EEST,HOLD,ADAUSDT,0.9791,70.1237191,0.011347,BEARISH,bullish,0.97976,0.967915,Strategy STRICT - Waiting for stronger signals
2025-08-14T03:47:41.636672,2025-08-14 06:47:41 EEST,HOLD,SOLUSDT,208.67,73.21978469,1.379006,BULLISH,neutral,207.95,205.875,Strategy STRICT - Waiting for stronger signals
2025-08-14T04:02:50.184758,2025-08-14 07:02:50 EEST,HOLD,SOLUSDT,208.04,64.6502022,1.230885,BEARISH,bullish,208.066,206.6545,Strategy STRICT - Waiting for stronger signals
2025-08-14T04:17:58.897817,2025-08-14 07:17:58 EEST,HOLD,ADAUSDT,0.9923,71.70028742,0.009401,BEARISH,bullish,0.98768,0.98063,Strategy STRICT - Waiting for stronger signals
2025-08-14T04:33:05.811037,2025-08-14 07:33:05 EEST,HOLD,ADAUSDT,0.9924,66.5720383,0.009598,BEARISH,neutral,0.9933,0.984055,Strategy STRICT - Waiting for stronger signals
2025-08-14T04:48:13.088998,2025-08-14 07:48:13 EEST,HOLD,SOLUSDT,209.38,62.92351339,1.078623,BEARISH,bullish,209.04,208.2205,Strategy STRICT - Waiting for stronger signals
2025-08-14T05:03:19.480800,2025-08-14 08:03:19 EEST,HOLD,SOLUSDT,208.7,57.21610094,0.816281,BEARISH,neutral,208.716,208.337,Strategy STRICT - Waiting for stronger signals
2025-08-14T05:18:26.891060,2025-08-14 08:18:26 EEST,HOLD,SOLUSDT,209.11,57.42425029,0.721949,BEARISH,bearish,208.746,208.523,Strategy STRICT - Waiting for stronger signals
2025-08-14T08:27:46.080741,2025-08-14 11:27:46 EEST,HOLD,ADAUSDT,0.9923,46.14707527,0.000126,BEARISH,bullish,0.99632,0.99988,"Strategy ADAPTIVE - Neutral conditions (Score: 40, Threshold: ±70)"
2025-08-14T08:27:53.926637,2025-08-14 11:27:53 EEST,HOLD,ADAUSDT,0.9929,46.69239819,0.000174,BEARISH,bearish,0.99644,0.99991,"Strategy ADAPTIVE - Neutral conditions (Score: 20, Threshold: ±70)"
2025-08-14T08:38:01.924983,2025-08-14 11:38:01 EEST,HOLD,ADAUSDT,0.9823,37.7976678,-0.001412,BEARISH,bearish,0.99124,0.99684,"Strategy ADAPTIVE - Neutral conditions (Score: 40, Threshold: ±70)"
2025-08-14T08:38:09.696903,2025-08-14 11:38:09 EEST,HOLD,ADAUSDT,0.9824,37.86766191,-0.001404,BEARISH,bearish,0.99126,0.996845,"Strategy ADAPTIVE - Neutral conditions (Score: 40, Threshold: ±70)"
2025-08-14T08:48:18.902698,2025-08-14 11:48:18 EEST,HOLD,ADAUSDT,0.986,42.83745848,-0.002535,BEARISH,bearish,0.98614,0.994475,"Strategy ADAPTIVE - Neutral conditions (Score: 20, Threshold: ±70)"
2025-08-14T08:48:26.104086,2025-08-14 11:48:26 EEST,HOLD,ADAUSDT,0.9866,43.4787105,-0.002487,BEARISH,neutral,0.98626,0.994505,"Strategy ADAPTIVE - Neutral conditions (Score: 30, Threshold: ±70)"
2025-08-14T08:58:34.885298,2025-08-14 11:58:34 EEST,HOLD,ADAUSDT,0.9852,42.54846753,-0.002686,BEARISH,neutral,0.98476,0.99288,"Strategy ADAPTIVE - Neutral conditions (Score: 30, Threshold: ±70)"
2025-08-14T08:58:42.296660,2025-08-14 11:58:42 EEST,HOLD,ADAUSDT,0.985,42.38158088,-0.002702,BEARISH,bearish,0.98472,0.99287,"Strategy ADAPTIVE - Neutral conditions (Score: 20, Threshold: ±70)"
2025-08-14T09:37:42.202469,2025-08-14 12:37:42 EEST,HOLD,ADAUSDT,0.9852,44.15268268,-0.002227,BEARISH,bearish,0.98718,0.989385,"Strategy ADAPTIVE - Neutral conditions (Score: 20, Threshold: ±70)"
2025-08-14T09:45:33.882877,2025-08-14 12:45:33 EEST,HOLD,ADAUSDT,0.9838,43.43673947,-0.002739,BEARISH,bearish,0.98388,0.9879,"Strategy ADAPTIVE - Neutral conditions (Score: 20, Threshold: ±70)"
2025-08-14T09:47:57.686105,2025-08-14 12:47:57 EEST,HOLD,ADAUSDT,0.9866,47.00768011,-0.002515,BEARISH,bearish,0.98444,0.98804,"Strategy ADAPTIVE - Neutral conditions (Score: 20, Threshold: ±70)"
2025-08-14T09:55:50.069929,2025-08-14 12:55:50 EEST,BUY,ADAUSDT,0.9949,55.85074776,-0.000941,BULLISH,neutral,0.98816,0.987715,"Strategy ADAPTIVE - Adaptive buy signal (Score: 70, Threshold: 70)"
2025-08-14T09:58:13.325398,2025-08-14 12:58:13 EEST,HOLD,ADAUSDT,0.9939,54.78231863,-0.00102,BULLISH,bearish,0.98796,0.987665,"Strategy ADAPTIVE - Neutral conditions (Score: 60, Threshold: ±70)"
2025-08-14T10:06:11.151568,2025-08-14 13:06:11 EEST,HOLD,ADAUSDT,0.9891,49.34962179,-0.000906,BULLISH,bearish,0.99052,0.987245,"Strategy ADAPTIVE - Neutral conditions (Score: 60, Threshold: ±70)"
2025-08-14T10:08:29.806736,2025-08-14 13:08:29 EEST,HOLD,ADAUSDT,0.9869,46.98638641,-0.001082,BULLISH,bearish,0.99008,0.987135,"Strategy ADAPTIVE - Neutral conditions (Score: 60, Threshold: ±70)"
2025-08-14T10:16:27.935978,2025-08-14 13:16:27 EEST,HOLD,ADAUSDT,0.9903,51.08800162,-0.000806,BULLISH,bearish,0.98924,0.987495,"Strategy ADAPTIVE - Neutral conditions (Score: 60, Threshold: ±70)"
2025-08-14T10:18:45.138903,2025-08-14 13:18:45 EEST,BUY,ADAUSDT,0.9918,52.71321835,-0.000686,BULLISH,neutral,0.98954,0.98757,"Strategy ADAPTIVE - Adaptive buy signal (Score: 70, Threshold: 70)"
2025-08-14T10:26:43.373902,2025-08-14 13:26:43 EEST,HOLD,ADAUSDT,0.9845,44.77573796,-0.000981,BULLISH,bearish,0.9878,0.987675,"Strategy ADAPTIVE - Neutral conditions (Score: 60, Threshold: ±70)"
2025-08-14T10:29:03.434716,2025-08-14 13:29:03 EEST,HOLD,ADAUSDT,0.9814,42.00512695,-0.001228,BEARISH,neutral,0.98718,0.98752,"Strategy ADAPTIVE - Neutral conditions (Score: 30, Threshold: ±70)"
2025-08-14T10:37:00.767553,2025-08-14 13:37:00 EEST,HOLD,ADAUSDT,0.9829,43.90232207,-0.001746,BEARISH,neutral,0.9853,0.98715,"Strategy ADAPTIVE - Neutral conditions (Score: 30, Threshold: ±70)"
2025-08-14T10:39:19.434356,2025-08-14 13:39:19 EEST,HOLD,ADAUSDT,0.9812,42.12830583,-0.001882,BEARISH,neutral,0.98496,0.987065,"Strategy ADAPTIVE - Neutral conditions (Score: 30, Threshold: ±70)"
2025-08-14T10:47:17.061603,2025-08-14 13:47:17 EEST,HOLD,ADAUSDT,0.9712,36.85355727,-0.004073,BEARISH,neutral,0.97612,0.98518,"Strategy ADAPTIVE - Neutral conditions (Score: 50, Threshold: ±70)"
2025-08-14T10:49:36.454179,2025-08-14 13:49:36 EEST,HOLD,ADAUSDT,0.9698,35.26511202,-0.004185,BEARISH,bearish,0.97584,0.98511,"Strategy ADAPTIVE - Neutral conditions (Score: 40, Threshold: ±70)"
2025-08-14T10:57:32.942503,2025-08-14 13:57:32 EEST,HOLD,ADAUSDT,0.9684,33.70088234,-0.00542,BEARISH,bearish,0.97006,0.982835,"Strategy ADAPTIVE - Neutral conditions (Score: 40, Threshold: ±70)"
2025-08-14T10:59:51.639152,2025-08-14 13:59:51 EEST,HOLD,ADAUSDT,0.9679,33.34621548,-0.00546,BEARISH,bearish,0.96996,0.98281,"Strategy ADAPTIVE - Neutral conditions (Score: 40, Threshold: ±70)"
2025-08-14T11:07:49.729719,2025-08-14 14:07:49 EEST,HOLD,BNBUSDT,859.98,44.64424957,-0.060387,BEARISH,bearish,859.9,864.1865,"Strategy ADAPTIVE - Neutral conditions (Score: 20, Threshold: ±70)"
2025-08-14T11:10:08.233482,2025-08-14 14:10:08 EEST,HOLD,BNBUSDT,861.16,47.25771106,-0.11107,BEARISH,neutral,860.03,864.036,"Strategy ADAPTIVE - Neutral conditions (Score: 30, Threshold: ±70)"
2025-08-14T11:18:06.679489,2025-08-14 14:18:06 EEST,HOLD,BNBUSDT,862.82,51.028334,0.032011,BEARISH,neutral,861.266,863.921,"Strategy ADAPTIVE - Neutral conditions (Score: 30, Threshold: ±70)"
2025-08-14T11:20:24.893969,2025-08-14 14:20:24 EEST,HOLD,BNBUSDT,862.98,51.3728504,0.082856,BEARISH,bearish,862.04,863.8175,"Strategy ADAPTIVE - Neutral conditions (Score: 20, Threshold: ±70)"
2025-08-14T11:37:49.489676,2025-08-14 14:37:49 EEST,HOLD,BNBUSDT,858.38,41.50545429,-0.555584,BEARISH,bearish,860.656,862.721,"Strategy ADAPTIVE - Neutral conditions (Score: 20, Threshold: ±70)"
2025-08-14T11:37:59.152624,2025-08-14 14:37:59 EEST,HOLD,BNBUSDT,858.67,42.06763169,-0.53245,BEARISH,bearish,860.714,862.7355,"Strategy ADAPTIVE - Neutral conditions (Score: 20, Threshold: ±70)"
2025-08-14T11:58:56.605089,2025-08-14 14:58:56 EEST,HOLD,BNBUSDT,862.74,53.08402809,-0.464044,BEARISH,neutral,860.404,862.203,"Strategy ADAPTIVE - Neutral conditions (Score: 30, Threshold: ±70)"
2025-08-14T11:59:03.861957,2025-08-14 14:59:03 EEST,HOLD,BNBUSDT,862.73,53.06082595,-0.464842,BEARISH,neutral,860.402,862.2025,"Strategy ADAPTIVE - Neutral conditions (Score: 30, Threshold: ±70)"
2025-08-14T12:35:26.571850,2025-08-14 15:35:26 EEST,HOLD,BTCUSDT,118026.66,14.98385057,-459.343666,BEARISH,bearish,119907.884,120640.512,"Strategy ADAPTIVE - Neutral conditions (Score: 40, Threshold: ±70)"
2025-08-14T12:35:39.791082,2025-08-14 15:35:39 EEST,HOLD,BTCUSDT,118217.69,15.71652174,-444.104806,BEARISH,neutral,119946.09,120650.0635,"Strategy ADAPTIVE - Neutral conditions (Score: 50, Threshold: ±70)"
2025-08-14T12:51:16.635352,2025-08-14 15:51:16 EEST,HOLD,XRPUSDT,3.128,35.63485839,-0.026062,BEARISH,neutral,3.10832,3.191475,"Strategy ADAPTIVE - Neutral conditions (Score: 60, Threshold: ±70)"
2025-08-14T12:51:27.527062,2025-08-14 15:51:27 EEST,HOLD,XRPUSDT,3.1267,35.25833382,-0.026166,BEARISH,bearish,3.10806,3.19141,"Strategy ADAPTIVE - Neutral conditions (Score: 48, Threshold: ±70)"
2025-08-14T12:57:02.820467,2025-08-14 15:57:02 EEST,BUY,XRPUSDT,3.0922,32.96542007,-0.01508,BULLISH,neutral,3.10944,3.11737,"Strategy ADAPTIVE - Adaptive buy signal (Score: 80, Threshold: 70)"
2025-08-14T12:57:14.548318,2025-08-14 15:57:14 EEST,HOLD,XRPUSDT,3.0885,31.9407468,-0.016093,BEARISH,neutral,3.10238,3.11646,"Strategy ADAPTIVE - Neutral conditions (Score: 50, Threshold: ±70)"
2025-08-14T13:02:59.894470,2025-08-14 16:02:59 EEST,HOLD,XRPUSDT,3.0889,35.51118238,-0.015947,BEARISH,bearish,3.09254,3.112555,"Strategy ADAPTIVE - Neutral conditions (Score: 40, Threshold: ±70)"
2025-08-14T13:03:00.817456,2025-08-14 16:03:00 EEST,HOLD,XRPUSDT,3.0864,33.9548936,-0.016146,BEARISH,bearish,3.09204,3.11243,"Strategy ADAPTIVE - Neutral conditions (Score: 40, Threshold: ±70)"
2025-08-14T13:08:48.636032,2025-08-14 16:08:48 EEST,HOLD,XRPUSDT,3.1009,48.21360957,-0.013151,BULLISH,neutral,3.0832,3.098405,"Strategy ADAPTIVE - Neutral conditions (Score: 60, Threshold: ±70)"
2025-08-14T13:08:50.327391,2025-08-14 16:08:50 EEST,HOLD,XRPUSDT,3.102,48.64911906,-0.013063,BULLISH,neutral,3.08342,3.09846,"Strategy ADAPTIVE - Neutral conditions (Score: 60, Threshold: ±70)"
2025-08-14T13:14:38.439339,2025-08-14 16:14:38 EEST,HOLD,XRPUSDT,3.1264,58.87666406,-0.000934,BULLISH,bearish,3.11726,3.097035,"Strategy ADAPTIVE - Neutral conditions (Score: 60, Threshold: ±70)"
2025-08-14T13:14:39.516422,2025-08-14 16:14:39 EEST,BUY,XRPUSDT,3.1263,58.83735143,-0.000942,BULLISH,bullish,3.11724,3.09703,"Strategy ADAPTIVE - Adaptive buy signal (Score: 80, Threshold: 70)"
2025-08-14T13:20:23.720448,2025-08-14 16:20:23 EEST,BUY,XRPUSDT,3.116,53.91184244,-2.50E-05,BULLISH,neutral,3.10814,3.10044,"Strategy ADAPTIVE - Adaptive buy signal (Score: 70, Threshold: 70)"
2025-08-14T13:20:33.868965,2025-08-14 16:20:33 EEST,HOLD,XRPUSDT,3.1142,53.02004277,-0.000169,BULLISH,bearish,3.10778,3.10035,"Strategy ADAPTIVE - Neutral conditions (Score: 60, Threshold: ±70)"
2025-08-14T13:26:15.226085,2025-08-14 16:26:15 EEST,HOLD,XRPUSDT,3.1007,46.44744869,-0.00205,BEARISH,bearish,3.10052,3.10766,"Strategy ADAPTIVE - Neutral conditions (Score: 20, Threshold: ±70)"
2025-08-14T13:26:28.410827,2025-08-14 16:26:28 EEST,HOLD,XRPUSDT,3.1029,47.67370791,-0.001875,BEARISH,bullish,3.10096,3.10777,"Strategy ADAPTIVE - Neutral conditions (Score: 40, Threshold: ±70)"
2025-08-14T13:57:03.216756,2025-08-14 16:57:03 EEST,HOLD,XRPUSDT,3.1117,43.4960048,-0.021042,BULLISH,bearish,3.1113,3.116975,"Strategy ADAPTIVE - Neutral conditions (Score: 50, Threshold: ±70)"
2025-08-14T13:57:21.869968,2025-08-14 16:57:21 EEST,HOLD,XRPUSDT,3.1144,44.06341889,-0.020827,BULLISH,neutral,3.11184,3.11711,"Strategy ADAPTIVE - Neutral conditions (Score: 60, Threshold: ±70)"
2025-08-14T14:12:44.121333,2025-08-14 17:12:44 EEST,HOLD,XRPUSDT,3.1023,41.42829445,-0.018801,BULLISH,bearish,3.1098,3.106135,"Strategy ADAPTIVE - Neutral conditions (Score: 60, Threshold: ±70)"
2025-08-14T14:13:05.323898,2025-08-14 17:13:05 EEST,HOLD,XRPUSDT,3.0993,40.73507719,-0.01904,BULLISH,bearish,3.1092,3.105985,"Strategy ADAPTIVE - Neutral conditions (Score: 60, Threshold: ±70)"
2025-08-14T14:28:23.017009,2025-08-14 17:28:23 EEST,BUY,XRPUSDT,3.1302,50.54418477,-0.012794,BULLISH,neutral,3.11308,3.107035,"Strategy ADAPTIVE - Adaptive buy signal (Score: 70, Threshold: 70)"
2025-08-14T14:28:43.824551,2025-08-14 17:28:43 EEST,BUY,XRPUSDT,3.1317,50.94963054,-0.012674,BULLISH,neutral,3.11338,3.10711,"Strategy ADAPTIVE - Adaptive buy signal (Score: 70, Threshold: 70)"
2025-08-14T14:59:04.223883,2025-08-14 17:59:04 EEST,BUY,XRPUSDT,3.124,48.1285201,-0.004085,BULLISH,neutral,3.13006,3.116025,"Strategy ADAPTIVE - Adaptive buy signal (Score: 70, Threshold: 70)"
2025-08-14T14:59:24.958331,2025-08-14 17:59:24 EEST,BUY,XRPUSDT,3.1238,48.06428231,-0.004101,BULLISH,neutral,3.13002,3.116015,"Strategy ADAPTIVE - Adaptive buy signal (Score: 70, Threshold: 70)"
2025-08-14T15:29:49.521547,2025-08-14 18:29:49 EEST,HOLD,XRPUSDT,3.0991,40.40224138,-0.007498,BEARISH,neutral,3.1082,3.11748,"Strategy ADAPTIVE - Neutral conditions (Score: 30, Threshold: ±70)"
2025-08-14T15:30:10.117405,2025-08-14 18:30:10 EEST,HOLD,XRPUSDT,3.0994,40.78835005,-0.008143,BEARISH,neutral,3.10348,3.116075,"Strategy ADAPTIVE - Neutral conditions (Score: 30, Threshold: ±70)"
2025-08-14T16:00:29.524105,2025-08-14 19:00:29 EEST,HOLD,XRPUSDT,3.0894,38.7058999,-0.009366,BEARISH,neutral,3.09648,3.111825,"Strategy ADAPTIVE - Neutral conditions (Score: 50, Threshold: ±70)"
2025-08-14T16:00:52.442828,2025-08-14 19:00:52 EEST,HOLD,XRPUSDT,3.0859,37.43096113,-0.009645,BEARISH,bearish,3.09578,3.11165,"Strategy ADAPTIVE - Neutral conditions (Score: 40, Threshold: ±70)"
2025-08-14T16:31:14.553674,2025-08-14 19:31:14 EEST,HOLD,XRPUSDT,3.0506,28.75801162,-0.016893,BEARISH,neutral,3.06072,3.09032,"Strategy ADAPTIVE - Neutral conditions (Score: 50, Threshold: ±70)"
2025-08-14T16:31:35.526717,2025-08-14 19:31:35 EEST,HOLD,XRPUSDT,3.0547,29.90688488,-0.016566,BEARISH,neutral,3.06154,3.090525,"Strategy ADAPTIVE - Neutral conditions (Score: 50, Threshold: ±70)"
2025-08-14T17:01:56.917184,2025-08-14 20:01:56 EEST,HOLD,XRPUSDT,3.0686,40.83482823,-0.012481,BULLISH,neutral,3.06596,3.07696,"Strategy ADAPTIVE - Neutral conditions (Score: 60, Threshold: ±70)"
2025-08-14T17:02:15.108162,2025-08-14 20:02:15 EEST,HOLD,XRPUSDT,3.0706,42.11929972,-0.012322,BULLISH,bearish,3.06636,3.07706,"Strategy ADAPTIVE - Neutral conditions (Score: 50, Threshold: ±70)"
2025-08-14T17:32:39.648077,2025-08-14 20:32:39 EEST,HOLD,XRPUSDT,3.0827,51.58250406,-0.006517,BULLISH,bearish,3.07292,3.069245,"Strategy ADAPTIVE - Neutral conditions (Score: 60, Threshold: ±70)"
2025-08-14T17:33:02.024778,2025-08-14 20:33:02 EEST,BUY,XRPUSDT,3.0835,51.9909781,-0.006453,BULLISH,neutral,3.07308,3.069285,"Strategy ADAPTIVE - Adaptive buy signal (Score: 70, Threshold: 70)"
2025-08-14T18:03:17.922366,2025-08-14 21:03:17 EEST,BUY,XRPUSDT,3.069,45.59947668,-0.004246,BULLISH,bullish,3.0717,3.068875,"Strategy ADAPTIVE - Adaptive buy signal (Score: 80, Threshold: 70)"
2025-08-14T18:03:43.264516,2025-08-14 21:03:43 EEST,BUY,XRPUSDT,3.0702,46.17353232,-0.00415,BULLISH,neutral,3.07194,3.068935,"Strategy ADAPTIVE - Adaptive buy signal (Score: 70, Threshold: 70)"
2025-08-14T18:33:59.217715,2025-08-14 21:33:59 EEST,HOLD,XRPUSDT,3.0722,49.82747004,-0.004314,BULLISH,neutral,3.06348,3.06889,"Strategy ADAPTIVE - Neutral conditions (Score: 60, Threshold: ±70)"
2025-08-14T18:34:25.062725,2025-08-14 21:34:25 EEST,HOLD,XRPUSDT,3.0726,50.05699849,-0.004282,BULLISH,neutral,3.06356,3.06891,"Strategy ADAPTIVE - Neutral conditions (Score: 60, Threshold: ±70)"
2025-08-14T19:04:37.125007,2025-08-14 22:04:37 EEST,BUY,XRPUSDT,3.0832,56.01658856,0.000825,BULLISH,neutral,3.08122,3.073285,"Strategy ADAPTIVE - Adaptive buy signal (Score: 70, Threshold: 70)"
2025-08-14T19:05:03.946370,2025-08-14 22:05:03 EEST,BUY,XRPUSDT,3.0846,56.89682458,0.00151,BULLISH,neutral,3.08202,3.073335,"Strategy ADAPTIVE - Adaptive buy signal (Score: 70, Threshold: 70)"
2025-08-14T19:35:05.236324,2025-08-14 22:35:05 EEST,HOLD,XRPUSDT,3.0955,62.64059966,0.004991,BULLISH,bearish,3.09232,3.078345,"Strategy ADAPTIVE - Neutral conditions (Score: 40, Threshold: ±70)"
2025-08-14T19:35:43.771900,2025-08-14 22:35:43 EEST,HOLD,XRPUSDT,3.0948,61.91143641,0.004935,BULLISH,bullish,3.09218,3.07831,"Strategy ADAPTIVE - Neutral conditions (Score: 60, Threshold: ±70)"
2025-08-14T20:36:30.455932,2025-08-14 23:36:30 EEST,HOLD,XRPUSDT,3.0802,49.90062783,8.00E-05,BEARISH,neutral,3.08034,3.083435,"Strategy ADAPTIVE - Neutral conditions (Score: 30, Threshold: ±70)"
2025-08-14T21:07:06.126762,2025-08-15 00:07:06 EEST,HOLD,XRPUSDT,3.0679,42.42969059,-0.00245,BEARISH,neutral,3.07198,3.07866,"Strategy ADAPTIVE - Neutral conditions (Score: 30, Threshold: ±70)"
2025-08-14T21:23:28.023094,2025-08-15 00:23:28 EEST,HOLD,XRPUSDT,3.0636,40.6410188,-0.002358,BEARISH,bullish,3.07094,3.07514,"Strategy ADAPTIVE - Neutral conditions (Score: 40, Threshold: ±70)"
2025-08-14T22:07:51.517775,2025-08-15 01:07:51 EEST,HOLD,XRPUSDT,3.047,39.18818708,-0.006956,BEARISH,bearish,3.056,3.06295,"Strategy ADAPTIVE - Neutral conditions (Score: 40, Threshold: ±70)"
2025-08-14T22:24:38.535454,2025-08-15 01:24:38 EEST,BUY,XRPUSDT,3.0643,50.55636397,-0.004273,BULLISH,bullish,3.05728,3.060785,"Strategy ADAPTIVE - Adaptive buy signal (Score: 70, Threshold: 70)"
2025-08-14T22:38:29.444464,2025-08-15 01:38:29 EEST,BUY,XRPUSDT,3.07,53.95833444,-0.001341,BULLISH,bullish,3.06692,3.05988,"Strategy ADAPTIVE - Adaptive buy signal (Score: 80, Threshold: 70)"
2025-08-14T22:55:15.619289,2025-08-15 01:55:15 EEST,BUY,XRPUSDT,3.0792,59.3610993,0.00243,BULLISH,neutral,3.07642,3.06093,"Strategy ADAPTIVE - Adaptive buy signal (Score: 70, Threshold: 70)"
2025-08-14T23:09:08.389799,2025-08-15 02:09:08 EEST,BUY,BNBUSDT,838.16,58.74010532,1.468104,BULLISH,neutral,838.768,833.1635,"Strategy ADAPTIVE - Adaptive buy signal (Score: 70, Threshold: 70)"
2025-08-14T23:25:52.785361,2025-08-15 02:25:52 EEST,HOLD,XRPUSDT,3.0869,63.18635077,0.005803,BULLISH,bullish,3.08672,3.07226,"Strategy ADAPTIVE - Neutral conditions (Score: 60, Threshold: ±70)"
2025-08-14T23:39:48.868685,2025-08-15 02:39:48 EEST,HOLD,XRPUSDT,3.0854,60.35952442,0.00593,BULLISH,bullish,3.08778,3.074985,"Strategy ADAPTIVE - Neutral conditions (Score: 60, Threshold: ±70)"
2025-08-14T23:56:16.708689,2025-08-15 02:56:16 EEST,BUY,DOTUSDT,3.984,55.36438453,0.007155,BULLISH,bullish,3.9892,3.97855,"Strategy ADAPTIVE - Adaptive buy signal (Score: 80, Threshold: 70)"
2025-08-15T00:10:26.817091,2025-08-15 03:10:26 EEST,HOLD,XRPUSDT,3.0865,59.07989109,0.003975,BEARISH,neutral,3.08382,3.08307,"Strategy ADAPTIVE - Neutral conditions (Score: 40, Threshold: ±70)"
2025-08-15T01:27:39.630021,2025-08-15 04:27:39 EEST,BUY,XRPUSDT,3.0896,56.55840033,0.002016,BULLISH,neutral,3.08606,3.084205,"Strategy ADAPTIVE - Adaptive buy signal (Score: 70, Threshold: 70)"
2025-08-15T01:41:44.190050,2025-08-15 04:41:44 EEST,BUY,XRPUSDT,3.0927,58.6819561,0.003071,BULLISH,bullish,3.09222,3.08583,"Strategy ADAPTIVE - Adaptive buy signal (Score: 80, Threshold: 70)"
2025-08-15T01:58:16.993435,2025-08-15 04:58:16 EEST,BUY,XRPUSDT,3.0956,59.36440243,0.003972,BULLISH,bullish,3.0951,3.087115,"Strategy ADAPTIVE - Adaptive buy signal (Score: 80, Threshold: 70)"
2025-08-15T02:12:38.623202,2025-08-15 05:12:38 EEST,BUY,XRPUSDT,3.0981,59.40376692,0.003985,BULLISH,bullish,3.09564,3.089125,"Strategy ADAPTIVE - Adaptive buy signal (Score: 80, Threshold: 70)"
2025-08-15T02:28:53.939579,2025-08-15 05:28:53 EEST,HOLD,XRPUSDT,3.1033,62.86972984,0.004617,BULLISH,bearish,3.09934,3.091045,"Strategy ADAPTIVE - Neutral conditions (Score: 40, Threshold: ±70)"
2025-08-15T02:43:20.244444,2025-08-15 05:43:20 EEST,BUY,XRPUSDT,3.1014,58.79655675,0.004974,BULLISH,neutral,3.10278,3.09457,"Strategy ADAPTIVE - Adaptive buy signal (Score: 70, Threshold: 70)"
2025-08-15T02:59:23.911717,2025-08-15 05:59:23 EEST,HOLD,XRPUSDT,3.1001,56.40803916,0.004306,BEARISH,bearish,3.1018,3.097305,"Strategy ADAPTIVE - Neutral conditions (Score: 30, Threshold: ±70)"
2025-08-15T03:29:58.224032,2025-08-15 06:29:58 EEST,HOLD,SOLUSDT,194.44,61.00414094,0.245932,BULLISH,bullish,194.202,193.8335,"Strategy ADAPTIVE - Neutral conditions (Score: 60, Threshold: ±70)"
2025-08-15T03:44:28.923065,2025-08-15 06:44:28 EEST,HOLD,SOLUSDT,195.06,62.62584293,0.438645,BULLISH,neutral,194.826,194.054,"Strategy ADAPTIVE - Neutral conditions (Score: 50, Threshold: ±70)"
2025-08-15T04:00:30.434481,2025-08-15 07:00:30 EEST,HOLD,SOLUSDT,195,60.33496009,0.448946,BULLISH,bearish,195.006,194.246,"Strategy ADAPTIVE - Neutral conditions (Score: 40, Threshold: ±70)"
2025-08-15T04:45:19.880233,2025-08-15 07:45:19 EEST,HOLD,SOLUSDT,195.15,54.73507031,0.410546,BEARISH,bullish,195.456,195.0555,"Strategy ADAPTIVE - Neutral conditions (Score: 50, Threshold: ±70)"
2025-08-15T05:01:19.241771,2025-08-15 08:01:19 EEST,HOLD,SOLUSDT,194.96,52.08005943,0.256231,BEARISH,bullish,194.996,195.167,"Strategy ADAPTIVE - Neutral conditions (Score: 40, Threshold: ±70)"
2025-08-15T06:46:44.706837,2025-08-15 09:46:44 EEST,HOLD,BTCUSDT,119195.5,62.00709647,82.250839,BULLISH,bullish,119146.936,118917.114,"Strategy ADAPTIVE - Neutral conditions (Score: 60, Threshold: ±70)"
2025-08-15T07:47:19.726514,2025-08-15 10:47:19 EEST,HOLD,DOTUSDT,4.032,39.73384296,-0.002462,BEARISH,neutral,4.0346,4.0635,"Strategy ADAPTIVE - Neutral conditions (Score: 50, Threshold: ±70)"
2025-08-15T09:18:28.228800,2025-08-15 12:18:28 EEST,HOLD,BNBUSDT,850.41,49.38392951,0.339603,BEARISH,neutral,850.978,850.3095,"Strategy ADAPTIVE - Neutral conditions (Score: 40, Threshold: ±70)"
2025-08-15T12:12:24.521239,2025-08-15 15:12:24 EEST,HOLD,ADAUSDT,0.9477,52.93941214,-0.00073,BULLISH,neutral,0.94554,0.94582,Strategy MODERATE - Insufficient signals for trade
2025-08-15T12:19:50.886941,2025-08-15 15:19:50 EEST,HOLD,ETHUSDT,4634.17,47.38006282,-0.575646,BEARISH,bullish,4635.474,4637.784,"Strategy ADAPTIVE - Neutral conditions (Score: 40, Threshold: ±70)"
2025-08-15T13:20:15.020274,2025-08-15 16:20:15 EEST,BUY,ADAUSDT,0.9493,56.25319814,0.000632,BULLISH,neutral,0.94776,0.943285,"Strategy ADAPTIVE - Adaptive buy signal (Score: 70, Threshold: 70)"
2025-08-15T13:43:13.121303,2025-08-15 16:43:13 EEST,HOLD,BTCUSDT,118040,21.91004555,-183.13259,BEARISH,bullish,118306.63,118634.0625,Strategy MODERATE wanted SELL but Insufficient balance: 0.0 < 1e-05 BTC
2025-08-15T17:14:41.616240,2025-08-15 20:14:41 EEST,BUY,SOLUSDT,184.52,38.52085131,-0.793513,BULLISH,bearish,185.118,185.017,"Strategy ADAPTIVE - Adaptive buy signal (Score: 80, Threshold: 70)"
2025-08-15T18:22:11.718288,2025-08-15 21:22:11 EEST,HOLD,SOLUSDT,185.34,47.24735436,-0.207758,BULLISH,neutral,185.318,185.4155,"Strategy ADAPTIVE - Neutral conditions (Score: 60, Threshold: ±70)"
2025-08-15T19:22:50.798056,2025-08-15 22:22:50 EEST,HOLD,SOLUSDT,184.71,47.26794881,-0.279766,BULLISH,neutral,184.54,184.9815,"Strategy ADAPTIVE - Neutral conditions (Score: 60, Threshold: ±70)"
2025-08-15T20:23:31.276520,2025-08-15 23:23:31 EEST,HOLD,SOLUSDT,184.14,45.57923704,-0.254901,BULLISH,neutral,184.244,184.31,"Strategy ADAPTIVE - Neutral conditions (Score: 60, Threshold: ±70)"
2025-08-15T21:24:08.301397,2025-08-16 00:24:08 EEST,HOLD,BNBUSDT,825.5,57.89006332,0.804658,BULLISH,bearish,825.03,823.685,"Strategy ADAPTIVE - Neutral conditions (Score: 60, Threshold: ±70)"
2025-08-15T22:24:46.127671,2025-08-16 01:24:46 EEST,HOLD,XRPUSDT,3.0812,55.69042708,0.002159,BEARISH,neutral,3.07826,3.079745,"Strategy ADAPTIVE - Neutral conditions (Score: 30, Threshold: ±70)"
2025-08-15T23:25:22.821475,2025-08-16 02:25:22 EEST,HOLD,SOLUSDT,184.8,40.97781203,0.084496,BEARISH,bullish,185.32,185.929,"Strategy ADAPTIVE - Neutral conditions (Score: 40, Threshold: ±70)"
2025-08-16T00:25:58.918489,2025-08-16 03:25:58 EEST,HOLD,XRPUSDT,3.0814,53.54267173,-0.000195,BULLISH,neutral,3.07868,3.07911,"Strategy ADAPTIVE - Neutral conditions (Score: 60, Threshold: ±70)"
2025-08-16T01:26:36.524706,2025-08-16 04:26:36 EEST,HOLD,BNBUSDT,833.2,59.35651855,1.699972,BEARISH,bearish,833.776,831.6295,"Strategy ADAPTIVE - Neutral conditions (Score: 30, Threshold: ±70)"
2025-08-16T02:27:15.307320,2025-08-16 05:27:15 EEST,HOLD,BTCUSDT,117634.78,48.76499285,37.24701,BEARISH,neutral,117660.078,117731.52,"Strategy ADAPTIVE - Neutral conditions (Score: 30, Threshold: ±70)"
2025-08-16T03:27:50.519465,2025-08-16 06:27:50 EEST,HOLD,BTCUSDT,117657.96,53.46922288,-5.186519,BEARISH,bearish,117613.374,117631.583,"Strategy ADAPTIVE - Neutral conditions (Score: 20, Threshold: ±70)"
2025-08-16T03:32:07.627177,2025-08-16 06:32:07 EEST,HOLD,BTCUSDT,117571.99,46.89138849,-9.083993,BEARISH,bullish,117611.386,117616.6875,"Strategy ADAPTIVE - Neutral conditions (Score: 40, Threshold: ±70)"
2025-08-16T04:28:29.413655,2025-08-16 07:28:29 EEST,HOLD,LINKUSDT,21.81,45.98781978,-0.033356,BEARISH,bullish,21.768,21.833,"Strategy ADAPTIVE - Neutral conditions (Score: 40, Threshold: ±70)"
2025-08-16T04:32:41.757618,2025-08-16 07:32:41 EEST,HOLD,BTCUSDT,117771.39,61.554459,13.433289,BULLISH,neutral,117637.216,117566.932,"Strategy ADAPTIVE - Neutral conditions (Score: 50, Threshold: ±70)"
2025-08-16T05:29:05.716904,2025-08-16 08:29:05 EEST,BUY,BNBUSDT,835.4,55.28141093,0.78611,BULLISH,neutral,836.058,834.5775,"Strategy ADAPTIVE - Adaptive buy signal (Score: 70, Threshold: 70)"
2025-08-16T05:33:14.106241,2025-08-16 08:33:14 EEST,BUY,BNBUSDT,835.98,58.84908195,0.757264,BULLISH,neutral,835.894,834.7865,"Strategy ADAPTIVE - Adaptive buy signal (Score: 70, Threshold: 70)"
2025-08-16T09:30:14.106898,2025-08-16 12:30:14 EEST,BUY,BTCUSDT,117660.55,56.10179816,32.311085,BULLISH,neutral,117664.3,117613.509,"Strategy ADAPTIVE - Adaptive buy signal (Score: 70, Threshold: 70)"
2025-08-16T09:34:15.823602,2025-08-16 12:34:15 EEST,HOLD,BNBUSDT,834.79,46.23311122,0.153631,BEARISH,bullish,835.218,835.3,"Strategy ADAPTIVE - Neutral conditions (Score: 40, Threshold: ±70)"
2025-08-16T10:30:55.320046,2025-08-16 13:30:55 EEST,HOLD,ETHUSDT,4390.7,30.42818569,-14.586924,BEARISH,neutral,4392.724,4428.0485,"Strategy ADAPTIVE - Neutral conditions (Score: 50, Threshold: ±70)"
2025-08-16T10:34:49.540809,2025-08-16 13:34:49 EEST,HOLD,ETHUSDT,4393.48,31.38159777,-14.365157,BEARISH,neutral,4393.28,4428.1875,"Strategy ADAPTIVE - Neutral conditions (Score: 50, Threshold: ±70)"
2025-08-16T11:31:31.010287,2025-08-16 14:31:31 EEST,HOLD,XRPUSDT,3.1151,34.55491295,-0.003919,BEARISH,bullish,3.12164,3.12961,"Strategy ADAPTIVE - Neutral conditions (Score: 60, Threshold: ±70)"
2025-08-16T11:35:23.218810,2025-08-16 14:35:23 EEST,HOLD,XRPUSDT,3.1214,41.49239621,-0.003654,BEARISH,neutral,3.1212,3.129655,"Strategy ADAPTIVE - Neutral conditions (Score: 30, Threshold: ±70)"
2025-08-16T12:32:09.735606,2025-08-16 15:32:09 EEST,BUY,ETHUSDT,4400.89,48.59501573,-6.566504,BULLISH,bullish,4393.322,4401.811,"Strategy ADAPTIVE - Adaptive buy signal (Score: 70, Threshold: 70)"
2025-08-16T12:35:57.087517,2025-08-16 15:35:57 EEST,HOLD,ETHUSDT,4404.42,50.67664183,-5.255283,BULLISH,neutral,4395.486,4401.9585,"Strategy ADAPTIVE - Neutral conditions (Score: 60, Threshold: ±70)"
2025-08-16T13:32:49.037750,2025-08-16 16:32:49 EEST,HOLD,BTCUSDT,117740,62.31249889,74.852874,BULLISH,bullish,117732.832,117612.2055,"Strategy ADAPTIVE - Neutral conditions (Score: 60, Threshold: ±70)"
2025-08-16T13:36:31.723229,2025-08-16 16:36:31 EEST,HOLD,BTCUSDT,117712.02,59.26964832,70.097459,BULLISH,bearish,117732.598,117628.0715,"Strategy ADAPTIVE - Neutral conditions (Score: 60, Threshold: ±70)"
2025-08-16T14:33:28.258547,2025-08-16 17:33:28 EEST,HOLD,BTCUSDT,117729.76,56.81458594,31.933387,BEARISH,bullish,117692.738,117693.6075,"Strategy ADAPTIVE - Neutral conditions (Score: 40, Threshold: ±70)"
2025-08-16T14:37:06.925263,2025-08-16 17:37:06 EEST,HOLD,BTCUSDT,117665.33,51.36165661,27.231325,BEARISH,bullish,117690.852,117688.7385,"Strategy ADAPTIVE - Neutral conditions (Score: 50, Threshold: ±70)"
2025-08-16T15:34:06.229773,2025-08-16 18:34:06 EEST,HOLD,BTCUSDT,117754.8,55.95833674,32.606803,BEARISH,bullish,117756.286,117713.005,"Strategy ADAPTIVE - Neutral conditions (Score: 50, Threshold: ±70)"
2025-08-16T15:37:42.645001,2025-08-16 18:37:42 EEST,HOLD,BTCUSDT,117750,55.22746175,30.098359,BEARISH,bullish,117754.158,117718.7405,"Strategy ADAPTIVE - Neutral conditions (Score: 50, Threshold: ±70)"
2025-08-16T16:34:46.347284,2025-08-16 19:34:46 EEST,BUY,BTCUSDT,117787.98,57.48423478,23.674862,BULLISH,neutral,117781.228,117736.323,"Strategy ADAPTIVE - Adaptive buy signal (Score: 70, Threshold: 70)"
2025-08-16T16:38:18.165947,2025-08-16 19:38:18 EEST,HOLD,DOTUSDT,3.962,44.9089646,0.005596,BEARISH,neutral,3.972,3.97765,"Strategy ADAPTIVE - Neutral conditions (Score: 30, Threshold: ±70)"
2025-08-16T17:35:24.013398,2025-08-16 20:35:24 EEST,HOLD,BTCUSDT,117724.01,49.54758404,-0.21053,BEARISH,neutral,117712.536,117742.3455,"Strategy ADAPTIVE - Neutral conditions (Score: 30, Threshold: ±70)"
2025-08-16T17:38:53.479179,2025-08-16 20:38:53 EEST,HOLD,BTCUSDT,117680,43.44549717,-3.7213,BEARISH,neutral,117703.734,117740.145,"Strategy ADAPTIVE - Neutral conditions (Score: 30, Threshold: ±70)"
2025-08-16T18:35:59.244165,2025-08-16 21:35:59 EEST,HOLD,BTCUSDT,117700,48.35980638,-5.796786,BEARISH,bearish,117701.008,117703.89,"Strategy ADAPTIVE - Neutral conditions (Score: 20, Threshold: ±70)"
2025-08-16T18:39:31.637038,2025-08-16 21:39:31 EEST,HOLD,BTCUSDT,117697.46,47.93857912,-5.999408,BEARISH,neutral,117700.5,117703.763,"Strategy ADAPTIVE - Neutral conditions (Score: 30, Threshold: ±70)"
2025-08-16T19:36:35.601527,2025-08-16 22:36:35 EEST,HOLD,LINKUSDT,22.78,77.51136006,0.176685,BULLISH,bullish,22.74,22.448,"Strategy ADAPTIVE - Neutral conditions (Score: 60, Threshold: ±70)"
2025-08-16T19:40:05.817997,2025-08-16 22:40:05 EEST,HOLD,LINKUSDT,22.84,79.29124098,0.185806,BULLISH,bullish,22.792,22.495,"Strategy ADAPTIVE - Neutral conditions (Score: 60, Threshold: ±70)"
2025-08-16T20:37:09.874211,2025-08-16 23:37:09 EEST,HOLD,LINKUSDT,22.72,55.28649811,0.117627,BEARISH,neutral,22.818,22.734,"Strategy ADAPTIVE - Neutral conditions (Score: 40, Threshold: ±70)"
2025-08-16T20:40:37.620938,2025-08-16 23:40:37 EEST,HOLD,LINKUSDT,22.72,55.20248035,0.105212,BEARISH,bearish,22.774,22.741,"Strategy ADAPTIVE - Neutral conditions (Score: 30, Threshold: ±70)"
2025-08-16T21:37:45.686917,2025-08-17 00:37:45 EEST,HOLD,ETHUSDT,4420.95,47.64763409,0.788929,BEARISH,bullish,4422.422,4425.9555,"Strategy ADAPTIVE - Neutral conditions (Score: 40, Threshold: ±70)"
2025-08-16T21:41:11.044945,2025-08-17 00:41:11 EEST,HOLD,XRPUSDT,3.0963,40.7900805,-0.001289,BEARISH,bullish,3.09758,3.100595,"Strategy ADAPTIVE - Neutral conditions (Score: 40, Threshold: ±70)"
2025-08-16T22:38:23.041910,2025-08-17 01:38:23 EEST,HOLD,ETHUSDT,4430.53,60.11874749,0.347103,BULLISH,bullish,4424.274,4420.6205,"Strategy ADAPTIVE - Neutral conditions (Score: 60, Threshold: ±70)"
2025-08-16T22:41:43.452108,2025-08-17 01:41:43 EEST,HOLD,ETHUSDT,4431.34,60.85392485,1.034149,BULLISH,neutral,4425.838,4420.88,"Strategy ADAPTIVE - Neutral conditions (Score: 50, Threshold: ±70)"
2025-08-16T23:39:00.559512,2025-08-17 02:39:00 EEST,HOLD,XRPUSDT,3.1016,49.09392372,0.000756,BEARISH,neutral,3.10262,3.1021,"Strategy ADAPTIVE - Neutral conditions (Score: 40, Threshold: ±70)"
2025-08-16T23:42:17.900699,2025-08-17 02:42:17 EEST,HOLD,XRPUSDT,3.1005,46.74370579,0.00041,BEARISH,neutral,3.10134,3.102265,"Strategy ADAPTIVE - Neutral conditions (Score: 30, Threshold: ±70)"
2025-08-17T00:39:38.404158,2025-08-17 03:39:38 EEST,HOLD,ADAUSDT,0.913,35.97286218,-0.001653,BEARISH,neutral,0.91362,0.917675,"Strategy ADAPTIVE - Neutral conditions (Score: 50, Threshold: ±70)"
2025-08-17T00:42:52.378267,2025-08-17 03:42:52 EEST,HOLD,ADAUSDT,0.9128,35.50201973,-0.001751,BEARISH,neutral,0.91308,0.917345,"Strategy ADAPTIVE - Neutral conditions (Score: 50, Threshold: ±70)"
2025-08-17T01:40:13.143991,2025-08-17 04:40:13 EEST,HOLD,ADAUSDT,0.9143,53.39622219,-0.001706,BULLISH,bearish,0.91046,0.91168,"Strategy ADAPTIVE - Neutral conditions (Score: 50, Threshold: ±70)"
2025-08-17T01:43:27.113035,2025-08-17 04:43:27 EEST,HOLD,BNBUSDT,847.56,66.90499519,2.204621,BULLISH,neutral,845.594,843.1185,"Strategy ADAPTIVE - Neutral conditions (Score: 50, Threshold: ±70)"
2025-08-17T02:40:48.815861,2025-08-17 05:40:48 EEST,BUY,ADAUSDT,0.9138,52.09983817,0.000148,BULLISH,bullish,0.91458,0.911335,"Strategy ADAPTIVE - Adaptive buy signal (Score: 80, Threshold: 70)"
2025-08-17T02:44:02.895299,2025-08-17 05:44:02 EEST,BUY,ETHUSDT,4415.09,54.30277514,-0.388033,BULLISH,neutral,4413.27,4408.3185,"Strategy ADAPTIVE - Adaptive buy signal (Score: 70, Threshold: 70)"
2025-08-17T03:41:28.564821,2025-08-17 06:41:28 EEST,HOLD,LINKUSDT,23.24,75.91524607,0.15473,BULLISH,bullish,23.056,22.7475,"Strategy ADAPTIVE - Neutral conditions (Score: 60, Threshold: ±70)"
2025-08-17T03:44:43.739681,2025-08-17 06:44:43 EEST,HOLD,LINKUSDT,23.34,79.34010429,0.162707,BULLISH,bullish,23.076,22.7525,"Strategy ADAPTIVE - Neutral conditions (Score: 60, Threshold: ±70)"
2025-08-17T04:42:03.355195,2025-08-17 07:42:03 EEST,HOLD,LINKUSDT,23.84,76.53946227,0.294179,BULLISH,neutral,23.826,23.395,"Strategy ADAPTIVE - Neutral conditions (Score: 50, Threshold: ±70)"
2025-08-17T04:45:17.910889,2025-08-17 07:45:17 EEST,HOLD,LINKUSDT,23.94,78.0483959,0.303826,BULLISH,neutral,23.878,23.454,"Strategy ADAPTIVE - Neutral conditions (Score: 50, Threshold: ±70)"
2025-08-17T05:42:42.678405,2025-08-17 08:42:42 EEST,HOLD,LINKUSDT,24.4,73.00654585,0.30866,BEARISH,bullish,24.336,24.072,"Strategy ADAPTIVE - Neutral conditions (Score: 30, Threshold: ±70)"
2025-08-17T05:45:52.724711,2025-08-17 08:45:52 EEST,HOLD,LINKUSDT,24.41,73.58812523,0.301784,BEARISH,bullish,24.358,24.111,"Strategy ADAPTIVE - Neutral conditions (Score: 30, Threshold: ±70)"
2025-08-17T07:15:42.266720,2025-08-17 10:15:42 EEST,HOLD,LINKUSDT,24.3,57.98004112,0.05923,BEARISH,bullish,24.222,24.2875,"Strategy ADAPTIVE - Neutral conditions (Score: 40, Threshold: ±70)"
2025-08-18T11:36:30.056198,2025-08-18 14:36:30 EEST,HOLD,SOLUSDT,180.64,45.62895877,-0.078395,BEARISH,bullish,180.734,180.8335,"Strategy ADAPTIVE - Neutral (Score: -28/±70; RSI +0.0, MACD -12.0, EMA -9.0, Stoch +0.0, ADX -0.5, VWAP -6.0)"
2025-08-18T11:51:53.731036,2025-08-18 14:51:53 EEST,HOLD,XRPUSDT,2.9687,50.9065505,0.002596,BULLISH,bullish,2.97218,2.967865,"Strategy ADAPTIVE - Neutral (Score: 26/±70; RSI +0.0, MACD +12.0, EMA +0.0, Stoch +0.0, ADX +7.5, VWAP +6.0)"
2025-08-18T12:01:59.529057,2025-08-18 15:01:59 EEST,HOLD,XRPUSDT,2.9611,32.94246405,-0.002345,BEARISH,bearish,2.96452,2.96866,"Strategy ADAPTIVE - Neutral (Score: -1/±30; RSI +3.5, MACD -12.0, EMA +0.0, Stoch +5.8, ADX +7.5, VWAP -6.0)"
2025-08-18T12:17:23.027329,2025-08-18 15:17:23 EEST,HOLD,BTCUSDT,115135.49,56.71030328,-3.132394,BULLISH,neutral,115069.44,115057.3085,"Strategy ADAPTIVE - Neutral (Score: 11/±30; RSI +0.0, MACD +12.0, EMA +0.0, Stoch -14.3, ADX +7.5, VWAP +6.0)"
2025-08-18T12:32:46.486358,2025-08-18 15:32:46 EEST,HOLD,BTCUSDT,115150.38,56.18953041,8.220495,BULLISH,bullish,115111.518,115042.276,"Strategy ADAPTIVE - Neutral (Score: 11/±30; RSI +0.0, MACD +12.0, EMA +0.0, Stoch -14.3, ADX +7.5, VWAP +6.0)"
2025-08-18T12:44:45.572605,2025-08-18 15:44:45 EEST,HOLD,SOLUSDT,182.4,65.98189248,0.362642,BULLISH,neutral,182.192,181.369,"Strategy ADAPTIVE - Neutral (Score: 23/±30; RSI -3.0, MACD +12.0, EMA +0.0, Stoch +0.0, ADX +7.5, VWAP +6.0)"
2025-08-18T13:00:08.868595,2025-08-18 16:00:08 EEST,HOLD,ADAUSDT,0.9132,61.87128787,0.000653,BULLISH,neutral,0.91126,0.905375,"Strategy ADAPTIVE - Neutral (Score: 10/±30; RSI -0.9, MACD +12.0, EMA +0.0, Stoch -15.0, ADX +7.5, VWAP +6.0)"
2025-08-18T13:15:31.957469,2025-08-18 16:15:31 EEST,HOLD,SOLUSDT,182.27,55.55564849,0.386645,BEARISH,bullish,182.62,182.003,"Strategy ADAPTIVE - Neutral (Score: 9/±30; RSI +0.0, MACD -12.0, EMA +0.0, Stoch +7.5, ADX +7.5, VWAP +6.0)"
2025-08-18T13:30:54.653197,2025-08-18 16:30:54 EEST,HOLD,BNBUSDT,839.66,68.80479695,1.870183,BULLISH,neutral,838.944,836.4015,"Strategy ADAPTIVE - Neutral (Score: 12/±30; RSI -4.4, MACD +12.0, EMA +0.0, Stoch -9.4, ADX +7.5, VWAP +6.0)"
2025-08-18T13:46:18.768957,2025-08-18 16:46:18 EEST,HOLD,SOLUSDT,181.72,45.59512848,0.231307,BEARISH,neutral,182.42,182.409,"Strategy ADAPTIVE - Neutral (Score: -8/±30; RSI +0.0, MACD -12.0, EMA +0.0, Stoch +2.0, ADX +7.5, VWAP -6.0)"
2025-08-18T14:01:41.362356,2025-08-18 17:01:41 EEST,HOLD,BTCUSDT,114886.17,33.68183108,-13.796143,BEARISH,neutral,115112.728,115362.0155,"Strategy ADAPTIVE - Neutral (Score: 7/±30; RSI +3.2, MACD -12.0, EMA +0.0, Stoch +14.5, ADX +7.5, VWAP -6.0)"
2025-08-18T14:17:04.787992,2025-08-18 17:17:04 EEST,HOLD,SOLUSDT,181,41.05722867,-0.193375,BEARISH,neutral,181.036,182.113,"Strategy ADAPTIVE - Neutral (Score: -8/±30; RSI +0.0, MACD -12.0, EMA -9.0, Stoch +11.3, ADX +7.5, VWAP -6.0)"
2025-08-18T14:32:28.272295,2025-08-18 17:32:28 EEST,HOLD,AVAXUSDT,23.58,34.52163625,-0.068498,BEARISH,bullish,23.632,23.8395,"Strategy ADAPTIVE - Neutral (Score: 3/±30; RSI +2.7, MACD -12.0, EMA +0.0, Stoch +10.8, ADX +7.5, VWAP -6.0)"
2025-08-18T14:47:52.866337,2025-08-18 17:47:52 EEST,HOLD,BTCUSDT,114976.01,40.10597034,-33.018381,BEARISH,neutral,115198.034,115308.4815,"Strategy ADAPTIVE - Neutral (Score: -17/±30; RSI +0.0, MACD -12.0, EMA -9.0, Stoch +2.8, ADX +7.5, VWAP -6.0)"
2025-08-18T15:03:17.762673,2025-08-18 18:03:17 EEST,HOLD,AVAXUSDT,23.7,49.23719585,-0.064472,BEARISH,bullish,23.602,23.696,"Strategy ADAPTIVE - Neutral (Score: -26/±30; RSI +0.0, MACD -12.0, EMA +0.0, Stoch -15.0, ADX +7.5, VWAP -6.0)"
2025-08-18T15:18:40.801940,2025-08-18 18:18:40 EEST,HOLD,AVAXUSDT,23.5,35.09783107,-0.079854,BEARISH,bearish,23.554,23.62,"Strategy ADAPTIVE - Neutral (Score: -8/±30; RSI +2.5, MACD -12.0, EMA +0.0, Stoch +0.0, ADX +7.5, VWAP -6.0)"
2025-08-18T15:29:04.204234,2025-08-18 18:29:04 EEST,HOLD,AVAXUSDT,23.49,35.79370895,-0.083733,BEARISH,bullish,23.49,23.5845,"Strategy ADAPTIVE - Neutral (Score: -8/±30; RSI +2.1, MACD -12.0, EMA +0.0, Stoch +0.0, ADX +7.5, VWAP -6.0)"
2025-08-18T15:39:26.040598,2025-08-18 18:39:26 EEST,HOLD,AVAXUSDT,23.63,50.45207188,-0.071438,BULLISH,neutral,23.502,23.571,"Strategy ADAPTIVE - Neutral (Score: 26/±30; RSI +0.0, MACD +12.0, EMA +0.0, Stoch +0.0, ADX +7.5, VWAP +6.0)"
2025-08-18T15:49:50.146287,2025-08-18 18:49:50 EEST,HOLD,AVAXUSDT,23.61,49.20651993,-0.055178,BULLISH,bearish,23.548,23.5685,"Strategy ADAPTIVE - Neutral (Score: 26/±30; RSI +0.0, MACD +12.0, EMA +0.0, Stoch +0.0, ADX +7.5, VWAP +6.0)"
2025-08-18T16:00:13.215427,2025-08-18 19:00:13 EEST,HOLD,SOLUSDT,183.02,62.99449001,0.242272,BULLISH,bearish,182.686,182.0755,"Strategy ADAPTIVE - Neutral (Score: 13/±30; RSI -1.5, MACD +12.0, EMA +9.0, Stoch -11.4, ADX -0.9, VWAP +6.0)"
2025-08-18T16:10:34.969607,2025-08-18 19:10:34 EEST,HOLD,SOLUSDT,183.99,71.50380551,0.456083,BULLISH,neutral,183.426,182.2955,"Strategy ADAPTIVE - Neutral (Score: 10/±30; RSI -5.8, MACD +12.0, EMA +9.0, Stoch -11.1, ADX -0.3, VWAP +6.0)"
2025-08-18T16:20:58.463584,2025-08-18 19:20:58 EEST,HOLD,AVAXUSDT,23.67,50.32430756,0.011961,BULLISH,neutral,23.742,23.611,"Strategy ADAPTIVE - Neutral (Score: 26/±30; RSI +0.0, MACD +12.0, EMA +0.0, Stoch +0.0, ADX +7.5, VWAP +6.0)"
2025-08-18T16:31:25.196424,2025-08-18 19:31:25 EEST,HOLD,AVAXUSDT,23.6,45.29692767,-0.001122,BULLISH,neutral,23.654,23.6155,"Strategy ADAPTIVE - Neutral (Score: 14/±30; RSI +0.0, MACD +12.0, EMA +0.0, Stoch +0.0, ADX +7.5, VWAP -6.0)"
2025-08-18T16:41:47.413069,2025-08-18 19:41:47 EEST,HOLD,AVAXUSDT,23.5,38.83781256,-0.022931,BEARISH,bullish,23.57,23.6025,"Strategy ADAPTIVE - Neutral (Score: -14/±30; RSI +0.6, MACD -12.0, EMA +0.0, Stoch +4.5, ADX -0.8, VWAP -6.0)"
2025-08-18T16:52:16.881957,2025-08-18 19:52:16 EEST,HOLD,AVAXUSDT,23.48,38.18039455,-0.039995,BEARISH,neutral,23.502,23.5975,"Strategy ADAPTIVE - Neutral (Score: -13/±30; RSI +0.9, MACD -12.0, EMA +0.0, Stoch +5.0, ADX -1.0, VWAP -6.0)"
2025-08-18T17:07:45.039718,2025-08-18 20:07:45 EEST,HOLD,AVAXUSDT,23.51,41.99870012,-0.042262,BEARISH,neutral,23.496,23.6025,"Strategy ADAPTIVE - Neutral (Score: -28/±30; RSI +0.0, MACD -12.0, EMA -9.0, Stoch +0.0, ADX -0.6, VWAP -6.0)"
2025-08-18T17:23:08.343679,2025-08-18 20:23:08 EEST,HOLD,AVAXUSDT,23.68,56.23234658,-0.01144,BULLISH,neutral,23.6,23.6185,"Strategy ADAPTIVE - Neutral (Score: 23/±30; RSI +0.0, MACD +12.0, EMA +9.0, Stoch -2.9, ADX -0.9, VWAP +6.0)"
2025-08-18T17:33:32.527028,2025-08-18 20:33:32 EEST,HOLD,AVAXUSDT,23.97,69.90643366,0.033032,BULLISH,bullish,23.746,23.6415,"Strategy ADAPTIVE - Neutral (Score: 12/±30; RSI -5.0, MACD +12.0, EMA +9.0, Stoch -9.9, ADX -0.6, VWAP +6.0)"
2025-08-18T17:43:57.890255,2025-08-18 20:43:57 EEST,BUY,AVAXUSDT,23.91,63.96785539,0.064757,BULLISH,neutral,23.864,23.6575,"Strategy ADAPTIVE - Adaptive buy signal (Score: 30/30; RSI -2.0, MACD +12.0, EMA +9.0, Stoch -2.3, ADX +7.5, VWAP +6.0)"
2025-08-18T17:54:23.226965,2025-08-18 20:54:23 EEST,BUY,BTCUSDT,116579.16,64.31740389,216.237096,BULLISH,bullish,116609.662,116247.7575,"Strategy ADAPTIVE - Adaptive buy signal (Score: 32/30; RSI -2.2, MACD +12.0, EMA +9.0, Stoch +0.0, ADX +7.5, VWAP +6.0)"
2025-08-18T18:04:47.987259,2025-08-18 21:04:47 EEST,HOLD,AVAXUSDT,23.62,45.90573005,0.034909,BULLISH,neutral,23.75,23.654,"Strategy ADAPTIVE - Neutral (Score: 4/±30; RSI +0.0, MACD +12.0, EMA -9.0, Stoch +0.0, ADX +7.5, VWAP -6.0)"
2025-08-18T18:15:11.769522,2025-08-18 21:15:11 EEST,HOLD,AVAXUSDT,23.59,44.21583353,0.00373,BEARISH,bullish,23.624,23.6595,"Strategy ADAPTIVE - Neutral (Score: -19/±30; RSI +0.0, MACD -12.0, EMA -9.0, Stoch +0.6, ADX +7.5, VWAP -6.0)"
2025-08-18T18:25:35.263582,2025-08-18 21:25:35 EEST,HOLD,AVAXUSDT,23.68,50.43038013,0.005474,BEARISH,bearish,23.638,23.682,"Strategy ADAPTIVE - Neutral (Score: -10/±30; RSI +0.0, MACD -12.0, EMA +0.0, Stoch +0.0, ADX +7.5, VWAP -6.0)"
2025-08-18T18:35:59.743878,2025-08-18 21:35:59 EEST,HOLD,LINKUSDT,25.24,52.95497957,0.009237,BEARISH,bullish,25.176,25.223,"Strategy ADAPTIVE - Neutral (Score: -2/±30; RSI +0.0, MACD -12.0, EMA +9.0, Stoch +0.0, ADX +7.5, VWAP -6.0)"
2025-08-18T18:46:22.762444,2025-08-18 21:46:22 EEST,BUY,LINKUSDT,25.3,55.81168285,0.023461,BULLISH,bearish,25.254,25.2565,"Strategy ADAPTIVE - Adaptive buy signal (Score: 34/30; RSI +0.0, MACD +12.0, EMA +9.0, Stoch +0.0, ADX +7.5, VWAP +6.0)"
2025-08-18T18:56:49.182421,2025-08-18 21:56:49 EEST,HOLD,BTCUSDT,116549.28,59.34467896,102.494388,BEARISH,neutral,116487.02,116476.229,"Strategy ADAPTIVE - Neutral (Score: 2/±30; RSI +0.0, MACD -12.0, EMA +9.0, Stoch -8.4, ADX +7.5, VWAP +6.0)"
2025-08-18T19:07:11.833977,2025-08-18 22:07:11 EEST,HOLD,AVAXUSDT,23.93,65.11204,0.054783,BULLISH,neutral,23.868,23.7765,"Strategy ADAPTIVE - Neutral (Score: 0/±30; RSI -2.6, MACD +12.0, EMA +0.0, Stoch -15.0, ADX -0.4, VWAP +6.0)"
2025-08-18T19:17:36.335041,2025-08-18 22:17:36 EEST,HOLD,BTCUSDT,116259.24,46.05442609,51.02027,BEARISH,bullish,116417.81,116439.1255,"Strategy ADAPTIVE - Neutral (Score: -4/±30; RSI +0.0, MACD -12.0, EMA +9.0, Stoch +5.2, ADX -0.0, VWAP -6.0)"
2025-08-18T19:28:00.079504,2025-08-18 22:28:00 EEST,HOLD,BTCUSDT,116315.55,48.43717722,29.034572,BEARISH,neutral,116323.184,116417.409,"Strategy ADAPTIVE - Neutral (Score: -9/±30; RSI +0.0, MACD -12.0, EMA +9.0, Stoch +0.0, ADX -0.3, VWAP -6.0)"
2025-08-18T19:38:22.786767,2025-08-18 22:38:22 EEST,HOLD,BTCUSDT,116372.04,51.01623816,17.365244,BEARISH,neutral,116309.108,116399.1195,"Strategy ADAPTIVE - Neutral (Score: -10/±30; RSI +0.0, MACD -12.0, EMA +9.0, Stoch +0.0, ADX -0.7, VWAP -6.0)"
2025-08-18T19:48:46.380153,2025-08-18 22:48:46 EEST,HOLD,BTCUSDT,116246.88,45.80955589,-6.180325,BEARISH,bearish,116276.922,116381.9885,"Strategy ADAPTIVE - Neutral (Score: -2/±30; RSI +0.0, MACD -12.0, EMA +9.0, Stoch +7.4, ADX -0.5, VWAP -6.0)"
2025-08-18T19:59:12.932919,2025-08-18 22:59:12 EEST,HOLD,BTCUSDT,116290.7,48.12872138,-8.364366,BEARISH,neutral,116278.876,116379.2245,"Strategy ADAPTIVE - Neutral (Score: -9/±30; RSI +0.0, MACD -12.0, EMA +9.0, Stoch +0.0, ADX -0.4, VWAP -6.0)"
2025-08-18T20:09:35.975879,2025-08-18 23:09:35 EEST,HOLD,BTCUSDT,116293.75,48.14814916,-8.78779,BEARISH,neutral,116297.632,116372.594,"Strategy ADAPTIVE - Neutral (Score: -9/±30; RSI +0.0, MACD -12.0, EMA +9.0, Stoch +0.0, ADX -0.0, VWAP -6.0)"
2025-08-18T20:19:59.570636,2025-08-18 23:19:59 EEST,HOLD,BTCUSDT,116371.2,51.90549528,6.169649,BEARISH,bearish,116352.554,116368.9615,"Strategy ADAPTIVE - Neutral (Score: -9/±30; RSI +0.0, MACD -12.0, EMA +9.0, Stoch +0.0, ADX -0.2, VWAP -6.0)"
2025-08-18T20:30:23.719488,2025-08-18 23:30:23 EEST,HOLD,BTCUSDT,116500,58.14098176,25.55393,BULLISH,bearish,116431.942,116359.775,"Strategy ADAPTIVE - Neutral (Score: 20/±30; RSI +0.0, MACD +12.0, EMA +9.0, Stoch -15.0, ADX +7.5, VWAP +6.0)"
2025-08-18T20:40:47.187188,2025-08-18 23:40:47 EEST,HOLD,AVAXUSDT,23.64,39.59127169,-0.015924,BEARISH,bearish,23.708,23.797,"Strategy ADAPTIVE - Neutral (Score: -18/±30; RSI +0.2, MACD -12.0, EMA -9.0, Stoch +9.8, ADX -0.8, VWAP -6.0)"
2025-08-18T20:51:10.683866,2025-08-18 23:51:10 EEST,HOLD,AVAXUSDT,23.73,47.32140022,-0.013746,BEARISH,neutral,23.71,23.784,"Strategy ADAPTIVE - Neutral (Score: -28/±30; RSI +0.0, MACD -12.0, EMA -9.0, Stoch +0.0, ADX -1.0, VWAP -6.0)"
2025-08-18T21:01:34.068662,2025-08-19 00:01:34 EEST,HOLD,BTCUSDT,116443.96,55.2345608,0.986977,BULLISH,neutral,116293.374,116321.509,"Strategy ADAPTIVE - Neutral (Score: 20/±30; RSI +0.0, MACD +12.0, EMA +9.0, Stoch -14.9, ADX +7.5, VWAP +6.0)"
2025-08-18T21:11:56.782939,2025-08-19 00:11:56 EEST,HOLD,AVAXUSDT,23.72,46.8896302,-0.015198,BEARISH,bullish,23.732,23.7615,"Strategy ADAPTIVE - Neutral (Score: -28/±30; RSI +0.0, MACD -12.0, EMA -9.0, Stoch +0.0, ADX -0.8, VWAP -6.0)"
2025-08-18T21:22:19.820923,2025-08-19 00:22:19 EEST,HOLD,BTCUSDT,116623.97,61.14626801,55.512615,BULLISH,neutral,116538.692,116377.0975,"Strategy ADAPTIVE - Neutral (Score: 19/±30; RSI -0.6, MACD +12.0, EMA +9.0, Stoch -15.0, ADX +7.5, VWAP +6.0)"
2025-08-18T21:32:43.567833,2025-08-19 00:32:43 EEST,HOLD,BTCUSDT,116619.99,59.72265709,75.668368,BULLISH,bullish,116628.624,116414.751,"Strategy ADAPTIVE - Neutral (Score: 20/±30; RSI +0.0, MACD +12.0, EMA +9.0, Stoch -15.0, ADX +7.5, VWAP +6.0)"
2025-08-18T21:43:06.798433,2025-08-19 00:43:06 EEST,HOLD,BTCUSDT,116526.49,54.38471886,66.98401,BULLISH,bullish,116599.332,116436.0115,"Strategy ADAPTIVE - Neutral (Score: 20/±30; RSI +0.0, MACD +12.0, EMA +9.0, Stoch -14.9, ADX +7.5, VWAP +6.0)"
2025-08-18T21:53:30.010155,2025-08-19 00:53:30 EEST,BUY,BTCUSDT,116550.28,55.22961834,59.617351,BULLISH,neutral,116541.424,116449.529,"Strategy ADAPTIVE - Adaptive buy signal (Score: 34/30; RSI +0.0, MACD +12.0, EMA +9.0, Stoch +0.0, ADX +7.5, VWAP +6.0)"
2025-08-18T22:03:55.156804,2025-08-19 01:03:55 EEST,BUY,BTCUSDT,116850.53,66.64957595,87.322674,BULLISH,neutral,116618.298,116489.606,"Strategy ADAPTIVE - Adaptive buy signal (Score: 31/30; RSI -3.3, MACD +12.0, EMA +9.0, Stoch +0.0, ADX +7.5, VWAP +6.0)"
